{"cameraMode":{"drawMode":0,"name":"Shaded","section":"Shading Mode"},"sceneLighting":true,"audioPlay":false,"sceneViewState":{"showFog":false,"showMaterialUpdate":false,"showSkybox":false,"showFlares":false,"showImageEffects":false,"showParticleSystems":false},"in2DMode":false,"pivot":{"x":75.38802337646485,"y":-5.447021484375,"z":74.0311279296875},"rotation":{"x":0.5746650695800781,"y":0.13942009210586549,"z":-0.10011328756809235,"w":0.8001871109008789},"size":274.30755615234377,"orthographic":false}